32484,3.57E+15,169,12451168,1.20E+11,1.54E+18
37775,3.62E+15,150,12491159,27184536453,3.09E+17
49928,4.16E+15,234,12481302,71934808130,8.86E+17
45086,5.24E+15,148,12434209,2.38E+11,2.91E+18
50543,4.23E+15,184,12503316,70759860819,8.71E+17
37936,4.00E+15,208,12486255,67624114394,7.97E+17
44568,3.82E+15,175,12476088,82827988428,1.01E+18
43772,3.26E+15,225,12380416,71629872021,8.24E+17
43711,3.36E+15,215,12182080,33628791501,4.01E+17
44716,3.28E+15,244,12492547,1.03E+11,8.62E+17
60093,3.45E+15,298,12476236,56947403759,5.48E+17
49412,5.05E+15,221,12472246,5.49E+11,7.14E+18
41869,3.29E+15,243,12466868,1.24E+11,1.56E+18
49098,4.50E+15,198,12476155,3.38E+11,4.12E+18
46852,3.28E+15,198,12477090,43691114331,7.34E+17
42141,5.17E+15,209,12503510,1.58E+11,1.88E+18
52049,3.96E+15,254,12316695,1.53E+11,1.87E+18
17442,3.63E+15,86,12491553,39705668637,4.61E+17
39189,4.00E+15,187,12510255,1.41E+11,1.70E+18
37538,3.68E+15,200,12494374,1.33E+11,1.73E+18
40781,3.78E+15,173,12494650,1.64E+11,1.97E+18
35344,4.63E+15,135,12487468,89265178710,1.05E+18
40676,3.41E+15,122,12438961,31386211818,3.45E+17
51630,3.84E+15,255,12493878,89356744529,1.33E+18
47386,3.75E+15,199,12470341,77266909470,8.96E+17
46378,4.41E+15,221,12481937,1.18E+11,1.49E+18
26320,5.24E+15,107,12446278,1.29E+11,1.48E+18
47823,4.81E+15,246,12469496,3.87E+11,4.82E+18
61917,3.51E+15,237,12475690,1.01E+11,1.25E+18
38574,3.94E+15,172,12446536,1.15E+11,1.34E+18
49413,3.45E+15,167,12497156,8.96E+11,1.05E+19
44252,3.27E+15,253,12419417,73154834566,9.12E+17
42747,3.30E+15,201,12421850,64454142909,7.98E+17
44428,3.74E+15,148,12462491,1.26E+11,1.49E+18
38439,3.29E+15,186,12466840,1.28E+11,1.47E+18
52289,5.45E+15,159,12475278,95245283019,1.17E+18
42944,3.52E+15,221,12503675,72792338456,8.90E+17
52983,4.65E+15,242,12487262,1.88E+11,2.19E+18
30070,5.32E+15,55,12457343,2.07E+11,2.31E+18
17263,3.21E+15,67,12459195,28883915809,2.91E+17
42828,4.59E+15,164,12487404,94058635082,1.07E+18
54330,3.58E+15,224,12482153,65778268348,8.36E+17
55296,3.32E+15,250,12494441,36123384032,5.65E+17
29878,5.21E+15,146,12416285,1.72E+11,1.96E+18
37009,3.38E+15,194,12456233,1.05E+11,1.30E+18
35955,5.43E+15,151,12493086,85421854533,1.04E+18
44947,4.60E+15,244,12497671,2.05E+11,2.48E+18
26009,5.18E+15,110,12509021,1.02E+11,1.31E+18
22379,3.38E+15,125,12336332,25061024121,2.58E+17
53692,4.34E+15,248,12491366,62362214229,7.76E+17
55659,3.71E+15,238,12479163,80477068986,9.19E+17
48122,3.28E+15,189,12520542,64272953625,8.34E+17
51862,3.62E+15,232,12450945,79890834504,1.01E+18
41462,3.62E+15,163,12445384,38724507753,4.70E+17
53777,5.38E+15,133,12495974,1.37E+11,1.68E+18
41076,3.27E+15,183,12424268,83286300957,9.47E+17
49504,3.45E+15,218,12463954,76596542469,9.27E+17
46025,3.63E+15,193,12496353,66461815140,8.11E+17
42440,3.39E+15,134,12256879,24348291218,2.87E+17
45078,3.48E+15,244,12485933,67851163312,8.52E+17
49613,4.43E+15,171,12490448,70286559643,8.18E+17
14953,3.58E+15,77,12484367,38175766684,2.33E+17
47382,3.50E+15,188,12501139,1.11E+11,1.58E+18
28427,4.95E+15,130,12452774,1.48E+11,1.71E+18
42713,5.58E+15,128,12498022,1.06E+11,1.31E+18
56072,5.22E+15,383,12542891,2.22E+11,2.79E+18
33768,5.23E+15,136,12474646,2.06E+11,2.54E+18
42387,5.03E+15,149,12476184,1.16E+11,1.41E+18
37364,3.41E+15,158,12444521,1.17E+11,9.69E+17
38077,3.60E+15,149,12489617,56796632797,7.56E+17
39345,4.66E+15,169,12495919,1.13E+11,1.37E+18
48751,3.90E+15,168,12474729,1.73E+11,2.10E+18
51221,4.41E+15,176,12484486,68114922604,8.68E+17
30325,3.37E+15,148,12470452,47298151099,5.65E+17
37244,3.25E+15,127,12496521,41536217507,5.01E+17
36476,5.50E+15,177,12505499,1.45E+11,1.80E+18
19003,3.34E+15,63,12471147,48078171590,3.83E+17
45496,3.26E+15,226,12284174,95520657204,1.20E+18
47447,3.36E+15,179,12397424,41729133967,5.13E+17
46948,3.32E+15,173,12314896,35676497106,4.42E+17
45396,3.62E+15,176,12499758,51531246531,5.54E+17
54582,3.59E+15,210,12487114,32080626553,3.94E+17
50522,3.51E+15,233,12490360,65152784473,8.03E+17
51608,3.87E+15,233,12458132,40537288869,4.42E+17
51654,3.24E+15,166,12484396,63015882659,7.07E+17
48964,5.29E+15,165,12454834,1.57E+11,1.76E+18
66361,3.70E+15,153,12493703,71974753746,8.90E+17
48102,3.67E+15,248,12340946,92012321265,1.17E+18
48436,4.51E+15,314,12467995,65933869968,8.92E+17
48722,3.35E+15,159,12498126,40147032773,4.48E+17
21166,3.51E+15,118,12434315,68317011864,7.74E+17
44478,3.47E+15,225,12359814,42223655054,4.93E+17
33770,3.27E+15,164,12511699,81458628065,9.91E+17
42370,3.33E+15,230,12492008,53238608326,6.46E+17
26893,3.38E+15,103,12420646,50574875815,6.03E+17
49869,4.98E+15,178,12445816,1.78E+11,2.06E+18
46345,3.73E+15,228,12418072,87562387298,9.87E+17
47348,3.43E+15,257,12495368,62803014783,7.36E+17
58635,4.12E+15,183,12445296,59842463858,6.97E+17
44580,3.39E+15,208,12156398,63698484958,7.70E+17
45195,4.29E+15,224,12490310,1.49E+11,1.35E+18
50619,3.32E+15,141,12477835,23965777310,2.89E+17
46086,5.46E+15,220,12483508,1.89E+11,2.32E+18
45952,5.15E+15,198,12485342,1.36E+11,1.67E+18
30751,4.63E+15,137,12461565,71966621225,8.25E+17
44152,4.62E+15,267,12487490,1.05E+11,1.69E+18
55848,3.42E+15,146,12221676,38357490163,4.32E+17
47364,3.45E+15,218,12486819,58500546014,6.53E+17
52859,5.13E+15,318,12461906,83999976541,1.84E+18
6824,3.58E+15,27,12466729,23593459761,1.84E+17
54428,4.02E+15,430,12484277,1.13E+11,1.43E+18
50989,4.51E+15,193,12534491,1.67E+11,2.06E+18
34027,3.31E+15,144,12434220,39708313159,4.55E+17
45279,5.26E+15,223,12517263,1.34E+11,1.61E+18
40930,3.77E+15,121,12486836,73764223073,9.34E+17
44542,4.84E+15,182,12459557,3.09E+11,3.75E+18
44264,4.02E+15,153,12467553,93383882923,1.03E+18
39881,5.35E+15,191,12486918,1.63E+11,2.02E+18
42617,3.56E+15,180,12457836,52117758994,7.01E+17
34605,5.44E+15,134,12454705,73182856748,8.64E+17
54271,4.60E+15,232,12492461,2.27E+11,3.15E+18
46193,3.35E+15,284,12498428,51953917389,6.86E+17
23259,3.36E+15,106,12517320,26653734337,2.41E+17
32932,4.68E+15,145,12496112,1.40E+11,1.69E+18
46821,3.50E+15,243,12488779,76258424382,7.00E+17
39865,3.37E+15,190,12448425,33477033988,3.71E+17
40344,3.55E+15,132,12494289,53028661709,5.98E+17
31493,3.39E+15,157,12455693,79427167918,9.52E+17
51944,5.14E+15,181,12450218,1.50E+11,1.89E+18
30607,5.10E+15,121,12486566,1.59E+11,1.97E+18
38484,3.96E+15,135,12507163,1.24E+11,1.50E+18
44658,5.21E+15,258,12459064,5.83E+11,7.20E+18
11510,4.27E+15,39,12449403,64521625015,6.59E+17
38625,3.24E+15,166,12409523,77120020072,8.73E+17
52567,4.76E+15,125,12505022,1.88E+11,2.10E+18
56194,3.67E+15,163,12491143,64834795506,7.97E+17
33859,3.43E+15,148,11855059,34047840736,3.76E+17
36275,3.74E+15,113,12459590,44673947315,4.28E+17
29131,3.71E+15,92,12472027,50354672351,5.83E+17
50782,3.37E+15,170,12418189,46193503341,5.91E+17
47792,4.31E+15,207,12506620,89199472773,1.10E+18
39630,3.25E+15,177,12439411,28322257317,3.09E+17
49412,4.16E+15,225,12481324,1.62E+11,1.97E+18
48427,4.20E+15,268,12504706,82153757995,1.01E+18
45578,5.23E+15,179,12461888,1.46E+11,1.77E+18
31305,3.47E+15,153,12410993,39075607872,4.35E+17
38339,3.46E+15,161,12500643,1.07E+11,1.18E+18
53992,3.70E+15,234,12481596,85086657543,1.05E+18
54823,5.36E+15,243,12465331,1.91E+11,2.19E+18
51070,4.24E+15,200,12499059,55152650876,6.66E+17
47516,3.30E+15,237,12449236,49638948918,6.98E+17
47258,5.25E+15,163,12475027,1.53E+11,1.83E+18
43086,3.33E+15,242,12388018,46085213304,5.58E+17
36027,4.56E+15,173,12481162,2.92E+11,3.45E+18
49722,5.15E+15,205,12522011,1.62E+11,1.97E+18
35543,3.53E+15,123,12485152,71426511956,8.18E+17
37163,3.54E+15,174,12388021,25677957375,3.04E+17
34960,3.32E+15,159,12461436,37783330921,4.36E+17
62478,3.66E+15,194,12447563,78918481680,1.01E+18
57221,4.13E+15,230,12528971,37282311277,6.87E+17
28927,4.56E+15,135,12483119,1.91E+11,2.44E+18
34754,3.45E+15,149,12459009,60685434501,7.64E+17
33094,3.46E+15,144,12469387,45572639487,5.18E+17
46424,5.04E+15,171,12485638,1.47E+11,1.78E+18
42233,4.60E+15,206,12501788,2.26E+11,2.78E+18
41107,3.54E+15,173,12448183,90252209902,1.10E+18
15032,3.40E+15,52,12471595,24375192676,2.58E+17
46536,5.10E+15,242,12479397,1.69E+11,2.07E+18
42874,3.35E+15,200,12457068,63711427494,7.74E+17
32509,4.11E+15,127,12473046,73389059266,8.17E+17
40912,3.27E+15,228,12470396,40071508386,4.53E+17
39889,5.37E+15,172,12449928,1.95E+11,2.37E+18
61306,3.55E+15,185,12477140,1.02E+11,1.25E+18
51021,5.24E+15,132,12445234,1.03E+11,1.16E+18
36790,3.60E+15,163,12338812,36496915577,4.55E+17
42743,3.48E+15,255,12496187,22086428693,3.48E+17
38375,3.93E+15,187,12431052,2.37E+11,2.86E+18
46591,4.42E+15,179,12438628,1.01E+11,1.17E+18
43724,5.43E+15,194,12486217,78925281319,9.83E+17
31112,5.25E+15,131,12468989,97679221654,1.10E+18
39296,5.23E+15,141,12479391,2.74E+11,3.30E+18
34765,3.51E+15,180,12472976,65314992615,7.47E+17
49777,3.68E+15,209,12481167,1.67E+11,1.42E+18
42963,3.39E+15,233,12369663,31300831447,3.86E+17
50742,5.31E+15,261,12015721,1.97E+11,2.38E+18
56275,3.64E+15,179,12487571,65223302578,7.81E+17
53880,5.50E+15,199,12467312,88946649366,1.05E+18
45358,3.41E+15,235,12446075,31585182814,3.91E+17
28095,3.52E+15,119,12514859,53198652546,6.49E+17
44390,4.71E+15,255,12511440,1.66E+11,2.02E+18
45919,4.16E+15,189,12482681,1.54E+11,1.89E+18
47309,4.83E+15,248,12448728,2.16E+11,2.79E+18
42400,3.31E+15,211,12492377,54147186009,6.89E+17
40536,3.46E+15,199,12486725,39883977450,4.58E+17
62021,4.30E+15,225,12498735,1.02E+11,1.27E+18
48604,3.48E+15,192,12441935,69016652417,8.68E+17
35451,3.23E+15,153,12380928,39478534162,4.85E+17
25469,3.46E+15,101,12447193,3.38E+11,4.17E+18
25395,3.46E+15,134,12484521,62018000176,4.81E+17
47922,3.83E+15,197,12461891,2.87E+11,3.51E+18
44364,3.65E+15,248,12472590,50664821674,5.83E+17
47653,5.34E+15,223,12498168,98995427247,1.25E+18
38529,4.30E+15,158,12454333,67158866065,7.69E+17
44794,4.26E+15,185,12475944,88657935897,1.12E+18
49381,3.71E+15,204,12415996,1.11E+11,1.37E+18
39111,3.67E+15,148,12475021,68667265337,7.24E+17
44434,3.44E+15,151,12480859,41292133735,4.92E+17
47102,3.60E+15,228,12474906,56764435738,8.24E+17
33485,3.33E+15,220,12482429,61283868911,8.55E+17
39494,4.23E+15,131,12496780,85868328677,9.34E+17
43848,4.54E+15,185,12319956,1.85E+11,2.19E+18
39998,3.43E+15,214,12435065,32355267303,4.73E+17
55512,5.08E+15,234,12475278,1.54E+11,1.89E+18
44021,5.30E+15,221,12498026,2.49E+11,2.90E+18
42805,3.57E+15,160,12459132,42042946553,4.81E+17
50247,3.36E+15,237,12487698,2.71E+11,2.34E+18
58341,4.87E+15,203,12504325,1.39E+11,1.65E+18
37647,4.89E+15,173,12500472,4.01E+11,5.05E+18
41763,4.93E+15,177,12450452,1.48E+11,1.72E+18
43525,3.65E+15,194,12483802,58560567804,6.79E+17
52143,3.31E+15,295,12483243,49684055567,6.72E+17
32937,5.25E+15,50,12481408,1.54E+11,1.64E+18
41196,3.34E+15,203,12485494,51072941601,5.76E+17
38442,3.47E+15,99,12471993,21883706257,2.63E+17
40330,3.35E+15,193,12335332,29183901669,3.40E+17
78402,4.66E+15,208,12470317,3.52E+11,4.33E+18
33887,3.42E+15,145,12499815,37527714171,3.67E+17
44512,4.03E+15,264,12469016,83551452801,1.07E+18
55174,5.11E+15,201,12528280,1.89E+11,2.25E+18
53979,3.66E+15,151,12465271,71805291183,9.53E+17
52525,5.32E+15,214,12475495,1.22E+11,1.48E+18
49351,5.21E+15,276,12464533,1.59E+11,1.97E+18
30792,3.72E+15,191,12514465,33487797854,4.43E+17
47469,3.31E+15,221,12505508,33849493545,3.90E+17
42238,3.65E+15,202,12495726,29000942940,3.50E+17
30807,5.24E+15,161,12468676,76706894410,9.44E+17
31203,3.63E+15,150,12456348,30827615314,2.96E+17
44941,3.24E+15,96,12468523,25035996863,2.87E+17
43475,3.16E+15,162,12440606,1.03E+11,1.20E+18
17071,3.79E+15,23,12476291,6.48E+11,8.66E+18
29616,3.31E+15,147,12473104,53369731167,6.51E+17
43778,3.35E+15,285,12491801,39471702209,5.55E+17
31122,5.28E+15,190,12483951,2.60E+11,3.17E+18
43285,4.34E+15,159,12473126,55516933083,6.54E+17
54055,3.77E+15,193,12480909,64223904101,7.55E+17
52137,3.56E+15,191,12489931,48932189405,6.00E+17
37374,3.54E+15,198,12459350,32578653014,4.62E+17
46278,5.48E+15,153,12490542,1.38E+11,1.68E+18
18736,3.35E+15,79,12395254,18653899686,2.05E+17
43348,5.14E+15,149,12486921,2.08E+11,2.27E+18
54956,4.91E+15,358,12490451,1.16E+11,1.88E+18
50045,3.61E+15,217,12492661,48388898247,6.83E+17
52855,3.37E+15,159,12321777,95284521419,1.14E+18
40708,3.38E+15,222,12453043,42932409849,5.17E+17
42935,3.38E+15,235,12500021,60970810345,8.72E+17
51825,4.02E+15,294,12437044,1.48E+11,1.88E+18
38460,3.81E+15,166,12432546,42577594769,4.68E+17
37545,3.52E+15,161,12485284,1.73E+11,1.20E+18
60892,5.47E+15,175,12470336,1.22E+11,1.44E+18
42387,3.31E+15,191,12482032,65714467186,5.34E+17
42873,3.56E+15,229,12490356,1.49E+11,1.91E+18
45127,3.48E+15,246,12472606,58625228374,7.60E+17
38083,4.68E+15,243,12491533,1.69E+11,3.18E+18
41142,3.40E+15,209,12483043,6.80E+11,4.00E+18
12494,3.32E+15,91,12476565,10170329708,2.10E+17
42916,3.49E+15,166,12493441,43769850402,5.07E+17
30661,3.44E+15,147,12156812,40706320105,3.96E+17
46534,3.72E+15,249,12425260,51030071242,6.15E+17
45173,3.84E+15,189,12458467,1.25E+11,1.56E+18
41542,4.59E+15,155,12492469,67887580646,8.12E+17
40954,3.61E+15,118,12430978,45854007539,5.80E+17
51024,5.14E+15,181,12480689,1.12E+11,1.36E+18
41388,5.26E+15,152,12342363,1.59E+11,1.89E+18
40276,4.33E+15,166,12473709,59604519083,7.44E+17
44438,5.14E+15,178,12495279,1.79E+11,2.12E+18
32278,3.62E+15,138,12283440,22939341356,2.76E+17
30481,4.99E+15,158,12507457,1.87E+11,2.27E+18
39158,3.52E+15,210,12445281,42616582907,5.06E+17
46727,4.29E+15,145,12487142,98369224402,1.11E+18
46541,3.61E+15,160,12469430,86059782620,9.68E+17
35661,3.37E+15,155,12480096,32553188870,3.57E+17
75952,3.46E+15,53,12494683,27694961211,2.80E+17
46824,4.90E+15,201,12450353,1.46E+11,1.76E+18
54265,4.61E+15,176,12435522,1.51E+11,1.81E+18
37508,4.37E+15,135,12478946,59175957146,7.06E+17
44338,3.56E+15,225,12495821,32725947008,3.98E+17
44829,3.36E+15,241,12394617,83022906168,1.03E+18
46199,3.97E+15,244,12471971,1.10E+11,2.01E+18
41267,5.05E+15,116,12488461,1.25E+11,1.53E+18
44558,5.23E+15,178,12444562,82085304410,9.91E+17
39485,3.78E+15,225,12474388,1.94E+11,2.41E+18
45345,3.24E+15,176,12508053,98834041850,1.28E+18
44338,3.40E+15,162,12497884,28184579381,3.03E+17
46268,3.73E+15,156,12491824,53059260701,7.43E+17
51036,5.25E+15,186,12479311,1.19E+11,1.43E+18
38811,3.35E+15,137,12480062,28595561443,3.39E+17
35053,3.43E+15,160,12452420,28983136714,3.09E+17
53707,3.54E+15,271,12485078,63776504085,7.93E+17
39073,3.38E+15,173,12466650,1.44E+11,1.65E+18
40259,3.80E+15,213,12471870,1.07E+11,1.28E+18
27985,4.53E+15,96,12429190,1.48E+11,1.73E+18
17382,3.28E+15,69,12481605,35268414845,2.68E+17
35084,4.28E+15,140,12268802,1.13E+11,1.35E+18
45250,5.46E+15,143,12446618,73807049904,8.77E+17
67422,3.56E+15,245,12319939,1.51E+11,2.37E+18
42144,3.44E+15,202,12471723,1.39E+11,1.88E+18
40751,3.34E+15,183,12446096,95390519795,8.00E+17
52484,3.78E+15,312,12478732,1.81E+11,2.46E+18
39509,3.87E+15,223,12476739,79734648867,1.01E+18
42880,3.91E+15,226,12393872,1.96E+11,2.36E+18
45917,3.62E+15,168,12467571,33933258655,3.80E+17
27828,3.43E+15,149,12454516,53546981362,6.07E+17
41268,3.28E+15,193,12453949,40085648737,4.73E+17
45952,5.42E+15,180,12486882,1.08E+11,1.29E+18
43215,3.72E+15,195,12481233,74463796192,8.74E+17
34977,3.41E+15,172,12441156,33050651939,3.72E+17
31890,4.01E+15,70,12486653,63343964640,6.64E+17
50341,3.30E+15,234,12491351,1.69E+11,2.19E+18
35051,3.69E+15,140,12464455,1.14E+11,1.29E+18
31110,3.54E+15,118,12459523,24673566630,2.16E+17
47715,3.35E+15,229,12507841,65788172242,7.77E+17
37800,3.42E+15,136,12181587,22602215893,2.52E+17
35160,3.24E+15,178,12485398,47237359900,7.82E+17
17253,3.23E+15,65,12464332,18310836395,2.10E+17
44837,5.12E+15,207,12461007,1.90E+11,2.40E+18
45850,3.87E+15,233,12468140,98770754972,1.21E+18
18542,3.43E+15,68,12488350,91321279009,1.35E+18
34521,3.56E+15,125,12414128,44739049002,5.20E+17
45884,3.53E+15,250,12450597,1.07E+11,1.30E+18
37297,4.16E+15,121,12464201,60162480371,7.03E+17
41895,3.61E+15,193,12473894,54612979380,7.09E+17
31500,3.39E+15,147,12100665,33435846319,3.90E+17
36390,3.81E+15,148,12483170,78966886503,9.77E+17
38127,3.57E+15,148,12472901,27455076150,3.18E+17
44027,3.31E+15,220,12476349,1.30E+11,1.21E+18
32096,3.76E+15,150,12452263,1.19E+11,1.40E+18
29886,5.39E+15,130,12503191,84472880011,9.74E+17
37096,4.23E+15,171,12503328,76354918909,9.50E+17
39652,3.23E+15,134,12429792,41974715459,3.93E+17
15173,3.83E+15,98,12495025,72649596884,7.65E+17
52297,3.60E+15,213,12514516,65371076016,7.60E+17
47347,3.28E+15,199,12456833,26844886789,3.16E+17
40985,5.52E+15,170,12521659,1.21E+11,1.47E+18
33909,3.32E+15,161,12481848,55456593822,6.16E+17
28181,3.41E+15,114,12475634,32325633098,3.61E+17
57821,4.03E+15,237,12483584,1.06E+11,1.31E+18
40930,3.37E+15,213,12481024,1.53E+11,1.83E+18
36764,4.29E+15,134,12492159,1.05E+11,1.25E+18
54019,4.61E+15,272,12073485,2.84E+11,3.48E+18
40497,3.71E+15,162,12445688,33958457607,3.97E+17
38555,3.70E+15,158,12414864,95141368355,9.27E+17
39666,3.47E+15,204,12463581,48189961241,5.96E+17
33281,3.66E+15,101,12464613,27346679422,3.01E+17
51036,4.81E+15,271,12476198,3.46E+11,4.19E+18
44781,3.33E+15,158,12450470,28808642792,3.72E+17
44936,4.77E+15,138,12476859,1.95E+11,2.39E+18
46469,4.93E+15,255,12487118,1.60E+11,1.86E+18
44438,4.59E+15,148,12460487,67569232746,7.86E+17
37514,3.49E+15,142,12457096,24371331297,3.46E+17
47843,3.51E+15,133,12466105,2.22E+11,2.48E+18
37783,4.56E+15,170,12484765,1.48E+11,1.95E+18
41600,3.63E+15,182,12480358,1.10E+11,1.38E+18
47424,3.64E+15,182,12319438,79279221417,9.15E+17
35274,3.37E+15,104,12463076,1.04E+11,1.19E+18
22692,3.62E+15,95,12474720,44122518551,4.79E+17
30394,4.64E+15,120,12493085,2.13E+11,2.58E+18
42379,3.26E+15,242,12463072,80930489913,1.01E+18
41377,3.39E+15,106,12403981,35562971619,4.25E+17
21826,3.31E+15,92,12477093,63407036134,7.75E+17
43834,4.89E+15,207,12480631,1.34E+11,1.58E+18
28136,3.30E+15,88,12492177,49950588247,4.98E+17
73269,4.79E+15,146,12457254,2.18E+11,2.65E+18
31317,4.09E+15,109,12489593,73268102004,8.17E+17
45482,4.63E+15,227,12490204,2.09E+11,2.52E+18
26430,3.26E+15,111,12473970,1.92E+11,2.31E+18
41323,4.14E+15,227,12483645,61604077167,7.81E+17
50434,3.62E+15,318,12456409,44659492410,5.70E+17
47464,3.49E+15,238,12489218,48248277875,6.46E+17
24340,3.40E+15,115,12491494,26572220658,2.93E+17
48685,4.26E+15,161,12497040,84609117976,1.21E+18
38443,4.14E+15,169,12493510,60863994464,7.76E+17
62274,5.20E+15,169,12511094,1.73E+11,2.11E+18
52609,4.59E+15,336,12454522,63499970812,7.67E+17
52708,4.17E+15,206,12472582,4.17E+11,5.34E+18
54396,3.49E+15,262,12421534,43939155477,5.15E+17
62863,3.45E+15,351,12471447,19737659225,2.98E+17
44985,4.63E+15,165,12456272,1.33E+11,1.64E+18
46196,5.62E+15,190,12489687,1.29E+11,1.65E+18
36471,5.29E+15,176,12490651,6.59E+11,8.09E+18
47155,3.93E+15,204,12496456,98692727988,1.21E+18
38781,3.76E+15,155,12467569,1.05E+11,1.25E+18
38405,3.64E+15,128,12486945,77816480472,8.96E+17
54034,3.46E+15,171,12490811,58865637385,7.32E+17
46246,3.41E+15,145,12432940,1.72E+11,2.68E+18
31424,3.66E+15,101,12495664,55037482296,5.61E+17
51177,5.06E+15,255,12479094,1.93E+11,2.32E+18
41250,4.77E+15,207,12425877,3.72E+11,4.47E+18
36425,5.14E+15,172,12454601,2.00E+11,2.43E+18
40207,3.33E+15,155,12455072,19082885238,2.37E+17
42164,4.16E+15,139,12457995,46017168873,5.30E+17
32021,3.65E+15,97,12431008,76098372364,9.30E+17
31148,3.42E+15,162,12430934,1.04E+11,1.26E+18
28179,3.32E+15,97,12490447,34067485522,3.79E+17
35998,5.18E+15,137,12478594,1.33E+11,1.63E+18
31762,3.30E+15,163,12479449,36876629429,4.24E+17
34820,4.36E+15,156,12473235,1.23E+11,1.49E+18
31099,3.38E+15,153,12466762,35874178882,4.01E+17
40267,3.41E+15,158,12455118,65845670641,5.41E+17
38396,3.40E+15,136,12488038,32237705421,4.03E+17
21434,3.89E+15,108,12462362,53897850701,5.75E+17
32290,4.89E+15,97,12480933,1.36E+11,1.54E+18
49143,3.74E+15,404,11868152,38674755740,5.07E+17
27524,3.56E+15,120,12463273,58672485482,7.16E+17
39000,3.43E+15,139,12471514,47188209410,5.71E+17
37915,3.58E+15,187,12501497,50229195590,6.24E+17
53792,5.51E+15,194,12488259,1.91E+11,2.20E+18
46891,3.35E+15,185,12467386,66183594357,7.87E+17
42752,3.32E+15,189,12472285,30388356338,3.07E+17
47178,3.32E+15,219,12504974,3.66E+11,3.23E+18
53134,3.67E+15,182,12454036,90901003989,1.09E+18
39266,3.57E+15,196,12498500,28566695094,3.31E+17
37544,3.24E+15,133,12450498,29871648627,4.53E+17
48927,5.01E+15,245,12497097,1.71E+11,2.12E+18
51685,3.61E+15,222,12411506,68563166192,7.85E+17
44527,3.26E+15,213,12470316,33360794181,4.64E+17
34916,3.29E+15,128,12466019,1.97E+11,2.29E+18
38524,5.28E+15,156,12500550,1.16E+11,1.45E+18
32546,3.31E+15,151,12466435,44950083088,4.88E+17
38155,3.53E+15,182,12419201,1.04E+11,1.23E+18
47853,3.65E+15,217,12445420,77439241550,9.17E+17
57106,4.11E+15,120,12464790,56434416765,7.30E+17
41271,5.26E+15,171,12419683,1.90E+11,2.09E+18
36754,3.62E+15,158,12462812,24990166268,2.83E+17
39940,3.51E+15,215,12503355,27209679442,3.59E+17
47528,5.00E+15,154,12489348,1.82E+11,2.21E+18
22763,3.30E+15,114,12430746,47488876537,5.43E+17
50548,5.28E+15,322,12505485,1.52E+11,1.83E+18
48990,4.38E+15,233,12479404,1.70E+11,2.08E+18
54077,5.37E+15,150,12486436,1.07E+11,1.33E+18
32477,3.43E+15,94,12432136,30165634881,3.67E+17
40256,4.37E+15,210,12464283,78250539769,8.98E+17
18468,3.35E+15,79,12475407,35290456820,2.77E+17
44487,3.60E+15,230,12460997,82049977108,1.03E+18
40751,3.76E+15,122,12429969,98601530871,1.13E+18
39741,3.41E+15,172,12467175,18575028693,2.56E+17
53657,3.32E+15,155,12474673,89258066441,1.07E+18
36144,3.41E+15,161,12471725,25641651205,3.03E+17
58953,4.85E+15,246,12504119,2.03E+11,2.53E+18
35761,5.18E+15,152,12500145,1.26E+11,1.54E+18
46379,3.33E+15,266,12375327,86094684235,1.13E+18
50500,5.09E+15,179,12387870,1.79E+11,2.12E+18
46395,4.47E+15,221,12462547,77675197697,9.50E+17
51855,4.89E+15,281,12486506,1.13E+11,1.41E+18
42611,4.96E+15,166,12372518,2.22E+11,2.74E+18
7638,3.24E+15,39,12462765,32162457233,3.31E+17
56569,4.55E+15,249,12500086,2.82E+11,3.31E+18
29692,4.02E+15,151,12510987,81021778488,9.96E+17
39482,3.55E+15,184,12480550,65160179390,8.85E+17
54759,3.66E+15,212,12479585,2.07E+11,2.46E+18
30918,5.20E+15,144,12517383,1.11E+11,1.35E+18
41843,3.44E+15,111,12488602,37194988650,4.36E+17
59114,3.66E+15,168,12490905,2.17E+11,1.54E+18
38183,3.28E+15,183,12486385,46851852412,5.79E+17
44946,4.28E+15,228,12478424,42689549120,6.96E+17
39989,3.52E+15,165,12504249,1.19E+11,1.48E+18
39981,3.53E+15,197,12244313,42193780560,4.25E+17
37182,4.03E+15,201,12490009,1.39E+11,1.72E+18
37309,3.25E+15,134,12488301,29692836336,3.10E+17
36958,3.92E+15,196,12479267,89406147528,1.09E+18
36310,3.35E+15,191,12328156,36504721378,4.20E+17
64990,3.81E+15,570,12421409,7552392549,1.08E+17
39521,4.76E+15,246,12471538,83227895266,1.07E+18
51606,3.94E+15,172,12508245,68800591845,8.02E+17
44637,5.24E+15,213,12492318,1.91E+11,2.32E+18
54839,4.73E+15,288,12466096,1.28E+11,1.61E+18
45532,3.38E+15,205,12456460,47618827616,5.40E+17
35570,3.37E+15,171,12440218,31182119911,3.40E+17
55050,3.57E+15,177,12498865,51643243878,5.91E+17
37460,3.68E+15,152,12475240,30212078040,3.68E+17
61183,4.57E+15,297,12490453,79308590302,9.98E+17
19533,3.55E+15,70,12376619,40863474096,2.93E+17
36816,4.16E+15,156,12459197,71878762896,8.25E+17
38044,3.85E+15,180,12489447,66903130809,8.06E+17
33406,3.84E+15,140,12501014,65307299062,7.38E+17
53414,3.56E+15,198,12482520,68706167911,8.86E+17
39410,3.46E+15,138,12450718,32431166326,3.19E+17
50765,4.37E+15,136,12481005,71654100383,7.71E+17
47181,3.31E+15,199,12294698,64255100738,7.88E+17
56155,4.78E+15,185,12435884,2.25E+11,2.79E+18
42347,3.43E+15,191,12482662,68237159137,8.11E+17
52126,3.64E+15,220,12503860,1.27E+11,1.52E+18
27553,3.75E+15,140,12449214,52603611608,5.97E+17
35986,5.41E+15,103,12284468,97779360728,1.13E+18
42289,5.16E+15,223,12457744,1.60E+11,1.91E+18
37036,3.69E+15,201,12472249,56584262628,6.91E+17
51099,3.26E+15,192,12435959,31080020380,3.84E+17
47331,4.78E+15,152,12468115,2.57E+11,3.14E+18
24389,4.74E+15,134,12521998,1.21E+11,1.54E+18
45462,4.29E+15,223,12485820,73311661088,8.35E+17
56918,3.68E+15,283,12461496,45342778132,6.96E+17
38463,4.26E+15,175,12442504,70720571119,8.43E+17
54090,5.69E+15,169,12484879,4.30E+11,3.14E+18
7249,3.39E+15,32,12483503,39360342503,2.23E+17
50651,3.38E+15,243,12431115,79560611116,1.01E+18
47346,3.21E+15,220,12459728,99422955300,1.20E+18
36771,3.44E+15,168,12461792,54820297011,6.59E+17
36628,3.48E+15,105,12482081,42869851216,5.27E+17
47767,4.18E+15,101,12453491,65326856505,7.12E+17
33147,3.43E+15,145,12349498,20890968017,2.37E+17
38016,3.69E+15,174,12496562,1.07E+11,1.30E+18
39309,5.50E+15,180,12451656,1.01E+11,1.23E+18
54908,4.35E+15,282,12478551,1.27E+11,1.60E+18
41394,4.66E+15,189,12470573,1.52E+11,1.69E+18
44406,4.58E+15,248,12488047,2.65E+11,3.16E+18
53320,5.30E+15,249,12480664,1.52E+11,1.83E+18
34010,3.57E+15,124,12469848,27537338201,3.07E+17
23043,4.24E+15,85,12467273,61424180869,6.52E+17
29383,3.40E+15,147,12457050,31548732386,3.93E+17
34290,3.60E+15,191,12459033,40841389460,4.97E+17
44655,3.50E+15,253,12508633,59546574099,7.77E+17
32779,3.29E+15,151,12485791,30271541903,3.49E+17
47964,3.52E+15,215,12494347,1.07E+11,1.57E+18
41390,4.24E+15,176,12535228,88176069520,1.09E+18
41199,4.98E+15,130,12507946,1.82E+11,2.26E+18
31745,3.34E+15,102,12470712,93679987012,1.12E+18
54803,4.14E+15,217,12496521,1.06E+11,1.24E+18
42823,3.45E+15,145,12448184,71064054897,8.54E+17
49971,4.53E+15,281,12468245,66553260056,8.32E+17
40552,3.98E+15,173,12498058,51459382334,6.36E+17
46392,5.29E+15,151,12492433,2.56E+11,3.14E+18
45452,3.67E+15,176,12479060,78505181084,9.49E+17
42545,3.87E+15,182,12480779,88310148712,1.01E+18
49520,4.80E+15,263,12487495,2.28E+11,2.82E+18
40318,3.30E+15,203,12438065,23810384006,3.56E+17
65360,3.67E+15,288,12450380,77266024698,1.42E+18
44810,5.38E+15,150,12483999,94201442028,1.10E+18
41650,3.39E+15,199,12442699,80207512731,1.08E+18
20167,3.45E+15,83,12459351,19225362999,2.33E+17
39064,3.52E+15,239,12460793,37702414181,5.28E+17
36237,3.38E+15,162,12485593,56541471322,6.32E+17
48553,3.65E+15,197,12474944,1.05E+11,1.28E+18
45097,3.47E+15,218,12451103,70862220621,8.11E+17
38854,3.24E+15,160,12464026,36085086946,4.26E+17
36613,3.53E+15,204,12496432,49363852638,5.39E+17
44346,4.79E+15,231,12479949,2.65E+11,3.10E+18
46810,3.63E+15,125,12477019,39743408820,4.72E+17
43341,3.42E+15,189,12494118,43911431365,5.12E+17
38962,3.65E+15,200,12483086,34138639301,3.71E+17
38020,3.36E+15,177,12419803,93843423326,1.26E+18
75557,3.31E+15,253,12485355,1.02E+11,1.27E+18
18460,3.44E+15,81,12482848,20492078836,2.82E+17
58723,4.22E+15,366,12489511,29876350196,5.85E+17
45505,5.54E+15,121,12472281,1.03E+11,1.23E+18
63754,4.93E+15,192,12498001,1.61E+11,1.97E+18
46531,3.24E+15,177,12472902,35610691081,4.61E+17
44408,5.35E+15,162,12454102,2.09E+11,2.55E+18
43643,3.33E+15,228,12495710,43635848617,5.47E+17
28181,3.31E+15,110,12456045,48039545457,5.69E+17
34299,3.38E+15,237,11898758,73314504399,8.99E+17
46114,4.37E+15,246,12487718,55616875656,7.97E+17
50037,3.39E+15,226,12449237,61514908211,7.48E+17
31949,3.56E+15,146,12478625,29548509323,4.94E+17
41379,3.39E+15,125,12486675,33058689118,3.38E+17
28508,3.28E+15,121,12438716,50952640000,6.27E+17
42772,4.34E+15,215,12449359,71841340440,8.65E+17
45004,3.53E+15,126,12434143,31907341126,3.44E+17
47139,3.90E+15,176,12489002,68951640515,8.23E+17
32418,3.41E+15,131,12258764,37545732144,3.69E+17
67838,4.01E+15,167,12474767,1.23E+11,1.75E+18
49910,4.99E+15,177,12453413,2.71E+11,2.99E+18
46611,3.93E+15,262,12492167,86896243319,1.13E+18
43966,3.61E+15,147,12487340,1.31E+11,1.39E+18
52364,5.27E+15,156,12500280,2.15E+11,2.51E+18
44654,4.66E+15,232,12506406,3.64E+11,4.56E+18
34519,3.22E+15,182,12452315,73508883535,6.65E+17
72490,5.23E+15,214,12490056,86266358185,1.13E+18
16894,3.30E+15,73,12469503,24894835986,2.82E+17
41588,3.56E+15,249,12468591,34353941550,3.53E+17
36174,3.43E+15,157,12486976,96149479203,1.13E+18
32182,3.60E+15,137,12400068,50614305736,5.38E+17
43744,3.45E+15,197,12478642,67036160105,8.30E+17
36629,3.40E+15,190,12463225,76392784542,8.78E+17
54932,5.23E+15,244,12492460,3.78E+11,4.07E+18
31526,3.41E+15,167,12474107,37170899364,4.35E+17
12591,3.35E+15,60,12468862,16297066003,1.85E+17
48472,4.56E+15,200,12471813,1.58E+11,1.96E+18
45492,4.73E+15,244,12485874,1.61E+11,2.10E+18
43444,3.47E+15,291,12486006,59784501853,8.12E+17
29741,4.93E+15,182,12472881,4.31E+11,4.38E+18
38658,4.72E+15,202,12482394,1.49E+11,1.82E+18
52781,4.08E+15,225,12504027,1.09E+11,1.31E+18
45981,3.29E+15,171,12183272,65076824664,7.73E+17
57824,5.22E+15,159,12490181,81539819980,1.03E+18
55888,3.97E+15,184,12498990,1.09E+11,1.20E+18
52866,3.44E+15,240,12451974,1.35E+11,1.65E+18
54470,5.29E+15,340,12485839,1.23E+11,1.60E+18
33338,3.28E+15,155,12471808,36047034530,4.54E+17
46692,3.43E+15,154,12473859,83056366008,8.67E+17
34183,4.30E+15,147,12503518,68703418571,7.50E+17
51827,4.05E+15,273,12485547,2.04E+11,2.50E+18
48944,3.54E+15,253,12439147,83021114623,1.01E+18
48673,3.86E+15,213,12491434,3.89E+11,4.90E+18
40388,5.19E+15,203,12485065,1.10E+11,1.29E+18
40602,4.57E+15,217,12442473,2.77E+11,3.48E+18
44284,3.30E+15,262,12346225,62185958867,7.21E+17
52312,3.48E+15,210,12499360,62318971446,7.45E+17
22277,3.55E+15,161,12464695,92098998654,2.26E+18
28728,3.46E+15,121,12456364,20951798819,2.05E+17
50059,3.16E+15,197,12438728,37127479491,4.76E+17
36265,3.91E+15,151,12462437,5.28E+11,6.27E+18
47077,3.26E+15,207,12438593,1.47E+11,1.74E+18
25692,3.61E+15,104,12431547,29541034437,3.62E+17
42453,3.84E+15,202,12472910,1.03E+11,1.25E+18
51255,3.59E+15,265,12473240,32690507563,4.04E+17
48017,3.86E+15,147,12482992,43132891558,5.22E+17
41947,3.41E+15,211,12484142,81533686488,9.96E+17
39545,3.65E+15,165,12462764,50719828537,5.42E+17
42160,4.49E+15,196,12489049,1.32E+11,1.61E+18
46321,3.62E+15,234,12481247,90052733521,1.10E+18
42468,5.06E+15,198,12447385,7.32E+11,9.17E+18
37425,3.40E+15,142,12486586,45223481889,5.39E+17
37729,4.14E+15,109,12504715,49887007380,5.17E+17
49506,3.26E+15,208,12373347,60630558443,9.95E+17
47368,5.38E+15,220,12473784,1.29E+11,1.59E+18
45402,4.73E+15,213,12496531,1.67E+11,1.87E+18
43031,3.27E+15,141,12446637,27483349552,2.96E+17
29154,3.35E+15,161,12433997,30647638917,5.35E+17
32410,4.14E+15,130,12450255,53806923156,5.70E+17
48516,4.68E+15,219,12477258,1.50E+11,1.85E+18
44305,3.77E+15,182,12473129,53825201645,6.56E+17
58242,4.74E+15,284,12472328,2.42E+11,3.07E+18
48472,3.42E+15,240,12443157,1.20E+11,1.40E+18
47141,4.56E+15,119,12483627,59753812919,7.40E+17
54153,3.56E+15,248,12497556,59142147169,7.85E+17
37636,3.57E+15,179,12469745,43793495745,4.79E+17
20861,3.24E+15,80,12485625,21612999468,2.23E+17
43485,4.56E+15,132,12439377,1.70E+11,2.08E+18
41890,5.21E+15,219,12508138,1.62E+11,2.01E+18
44342,3.39E+15,189,12480634,43241847909,5.09E+17
43228,3.45E+15,216,12503355,64175571852,8.10E+17
30440,4.20E+15,122,12483381,1.28E+11,1.54E+18
32336,3.68E+15,135,12493404,48717140530,6.15E+17
46691,4.07E+15,228,12483223,79915399902,9.52E+17
47166,3.29E+15,182,12419364,55175891189,6.05E+17
42025,3.38E+15,199,12341116,1.10E+11,1.39E+18
51724,3.64E+15,213,12105597,33024398851,3.70E+17
42382,3.73E+15,239,12473633,98319964857,1.22E+18
48703,3.20E+15,209,12466078,34423580730,4.06E+17
48883,4.19E+15,191,12469438,66688970269,7.86E+17
35933,3.36E+15,193,12480473,51578082374,6.11E+17
28971,5.19E+15,115,12489261,1.45E+11,1.81E+18
50135,4.32E+15,267,12501147,1.11E+11,1.45E+18
36489,4.84E+15,134,12486635,1.30E+11,1.61E+18
46157,3.78E+15,150,12463344,72344186515,8.87E+17
34427,4.29E+15,158,12493570,82972445349,9.67E+17
41959,3.80E+15,190,12485908,83568020256,9.61E+17
52290,5.32E+15,180,12515511,1.47E+11,1.75E+18
47740,3.50E+15,224,12484933,47516341847,5.47E+17
28620,5.26E+15,89,12492472,1.34E+11,1.43E+18
53248,3.67E+15,301,12468764,96426727858,1.34E+18
40498,3.28E+15,159,12493205,30777616945,3.69E+17
39764,3.43E+15,231,12483164,1.01E+11,1.23E+18
45970,3.91E+15,146,12447104,62633655695,7.67E+17
42094,4.23E+15,145,12493173,80949017249,1.01E+18
31780,3.66E+15,124,12473864,35676371785,4.33E+17
52819,3.33E+15,159,12447115,69341713972,8.26E+17
50651,5.33E+15,119,12468551,1.05E+11,1.29E+18
39882,3.49E+15,178,12513579,76150839459,8.51E+17
54341,5.13E+15,287,12494335,1.90E+11,2.59E+18
51493,4.85E+15,213,12505879,2.79E+11,3.54E+18
49394,4.32E+15,258,12550410,61244848497,7.75E+17
58947,3.26E+15,226,12482417,26953397777,4.40E+17
46212,3.64E+15,199,12486117,80150882330,1.00E+18
49668,3.61E+15,223,12484033,38050613451,4.71E+17
43859,3.43E+15,166,12377515,33193073567,4.13E+17
64798,3.53E+15,140,12466167,1.53E+11,1.89E+18
39367,5.38E+15,182,12428730,1.24E+11,1.50E+18
37438,3.33E+15,179,12474513,45366063636,5.36E+17
46421,3.67E+15,216,12465830,74879195649,7.00E+17
52021,3.75E+15,231,11970682,1.58E+11,1.66E+18
37681,3.62E+15,167,12464711,46783948479,5.68E+17
44674,5.66E+15,251,12494242,1.91E+11,2.29E+18
49096,4.98E+15,209,12491856,1.15E+11,1.42E+18
33747,3.63E+15,159,12498845,49367092120,5.37E+17
40963,3.43E+15,186,12474876,1.17E+11,1.46E+18
36119,3.26E+15,161,12466783,1.13E+11,1.40E+18
37858,3.87E+15,157,12503740,1.32E+11,1.28E+18
54870,5.18E+15,220,12464853,1.53E+11,1.97E+18
46526,3.32E+15,229,12454735,80534177956,1.06E+18
42937,4.73E+15,144,12496502,1.31E+11,1.60E+18
46157,3.83E+15,173,12472764,2.70E+11,3.30E+18
40037,4.46E+15,190,12471882,2.13E+11,2.62E+18
43181,4.60E+15,173,12225258,2.85E+11,3.31E+18
35350,3.52E+15,164,12473574,38539957288,4.53E+17
23177,4.62E+15,145,12469465,40137448445,1.08E+18
42689,4.11E+15,180,12475748,5.67E+11,6.79E+18
52291,4.61E+15,254,12500736,2.50E+11,3.16E+18
40360,3.40E+15,208,12453302,30262572418,3.60E+17
36730,3.65E+15,126,12416797,45465626468,4.74E+17
45440,3.79E+15,262,12486157,70041126651,1.04E+18
35914,3.49E+15,164,12451155,49241544394,6.11E+17
42561,3.62E+15,238,12426876,42045029015,4.49E+17
30959,4.08E+15,159,12498544,64792686210,7.84E+17
36447,3.38E+15,147,12430950,47716088873,5.64E+17
45668,5.32E+15,188,12501434,2.84E+11,2.86E+18
32429,3.55E+15,139,12460431,53426598517,6.45E+17
38554,3.79E+15,212,12393335,40564423433,4.52E+17
58044,5.29E+15,271,12475259,60882099133,9.85E+17
40031,3.31E+15,227,12470337,30740812046,3.85E+17
45059,4.47E+15,199,12492679,1.55E+11,1.71E+18
36761,3.29E+15,173,12455882,35783036928,4.07E+17
37401,3.34E+15,199,12118013,25229652993,3.06E+17
35261,3.74E+15,151,12484153,1.37E+11,1.65E+18
46494,3.56E+15,179,12472689,61681162982,6.47E+17
43969,4.29E+15,186,12487903,50333025555,5.98E+17
35448,3.64E+15,134,12449703,16570420731,2.01E+17
29512,3.34E+15,69,12457734,43057681205,3.01E+17
116616,3.36E+15,237,12473843,1.14E+11,1.43E+18
43775,5.31E+15,215,12509563,35956024356,7.72E+17
43324,3.43E+15,181,12399477,1.05E+11,1.26E+18
41755,3.62E+15,169,12490435,50846631347,5.82E+17
50958,4.36E+15,204,12473591,70519068634,1.08E+18
42451,4.92E+15,234,12484386,3.55E+11,4.42E+18
33954,3.27E+15,141,12476325,25043192524,3.07E+17
27841,3.40E+15,103,12467859,35127808075,4.17E+17
43531,3.33E+15,184,12495345,49233278264,5.67E+17
41072,5.26E+15,201,12443648,2.49E+11,2.94E+18
49679,3.61E+15,215,12456597,46010973385,5.65E+17
46064,3.48E+15,224,12426456,66845307616,7.97E+17
49940,4.38E+15,223,12483483,1.03E+11,1.26E+18
46586,3.60E+15,145,12467341,38699177899,4.38E+17
57829,3.36E+15,192,12487523,53466161684,6.54E+17
39630,3.56E+15,231,12474904,64173325256,8.24E+17
28850,3.77E+15,133,12459715,88456030103,9.87E+17
33609,3.32E+15,139,12495833,20087488952,2.39E+17
37970,3.88E+15,138,12480839,1.30E+11,1.54E+18
40686,3.61E+15,209,12480964,56350195023,7.54E+17
53745,3.48E+15,185,12233664,59752570283,7.75E+17
48106,3.35E+15,229,12474990,41810511272,5.27E+17
46438,4.94E+15,224,12542806,1.43E+11,1.76E+18
43114,3.22E+15,192,12417368,1.02E+11,1.20E+18
35573,3.26E+15,140,12492541,73461812674,8.93E+17
47504,3.38E+15,253,12440629,1.73E+11,2.04E+18
34037,3.57E+15,96,12448765,48308875000,5.85E+17
44647,5.60E+15,223,12455137,1.64E+11,1.94E+18
35752,3.21E+15,144,12437418,32795837108,4.13E+17
45680,4.82E+15,224,12443601,2.80E+11,3.48E+18
41137,3.37E+15,117,12480810,88669020032,1.03E+18
38544,3.26E+15,195,12483824,74304138296,9.73E+17
37852,3.54E+15,164,12434893,34073821300,3.65E+17
39597,3.69E+15,158,12469560,49162845581,5.28E+17
57642,3.71E+15,185,12468395,93053257724,1.11E+18
48251,3.31E+15,133,12488567,5.56E+11,3.69E+18
38780,3.41E+15,179,12485681,53999655181,7.34E+17
47108,3.38E+15,273,12502240,1.11E+11,1.37E+18
34767,3.64E+15,177,12469993,32114381129,3.86E+17
45911,5.10E+15,187,12454316,1.45E+11,1.77E+18
46658,5.00E+15,178,12465256,1.92E+11,2.33E+18
48315,3.25E+15,257,12506822,1.52E+11,1.83E+18
50903,4.12E+15,145,12499754,73751858991,9.05E+17
43911,3.53E+15,185,12501912,93229082977,1.17E+18
38213,5.13E+15,125,12511636,1.70E+11,2.03E+18
43417,3.54E+15,169,12494193,38212467027,4.41E+17
42807,3.34E+15,253,12525786,62373020932,7.90E+17
42310,4.98E+15,172,12509799,1.99E+11,2.24E+18
63650,3.78E+15,126,12305866,99947339148,1.20E+18
51868,4.93E+15,217,12505793,2.06E+11,2.87E+18
38810,3.32E+15,171,12313565,46651134518,5.74E+17
38503,4.57E+15,182,12466483,1.28E+11,1.55E+18
34563,3.42E+15,83,12450223,22579361537,2.26E+17
31719,4.79E+15,147,12090405,1.63E+11,1.94E+18
41883,4.40E+15,267,12473246,2.77E+11,3.42E+18
33706,3.61E+15,124,12465547,44606254388,3.40E+17
53295,3.90E+15,172,12420265,1.13E+11,1.35E+18
57580,4.02E+15,229,12494200,3.47E+11,3.99E+18
6145,3.49E+15,28,12489491,17041744743,1.67E+17
29487,3.58E+15,115,12496911,28995558811,3.39E+17
50221,3.43E+15,198,12488473,37153673661,3.84E+17
34639,3.40E+15,120,12363220,25494518266,3.00E+17
48421,4.60E+15,167,12494695,1.36E+11,1.46E+18
86887,4.40E+15,41,12471766,83548973359,8.04E+17
44188,3.26E+15,166,12504981,43149627289,5.64E+17
33786,3.46E+15,149,12487974,32933000262,4.03E+17
42930,3.36E+15,140,12415173,20960151249,2.51E+17
34697,3.57E+15,127,12441033,29022834646,3.77E+17
50839,3.67E+15,191,12404520,96452248002,1.11E+18
58932,3.56E+15,416,12444296,92241890404,1.27E+18
47066,4.19E+15,181,12471800,1.13E+11,1.45E+18
45853,5.01E+15,124,12493181,1.44E+11,1.72E+18
40411,3.23E+15,207,12464394,30099474258,3.83E+17
27760,3.42E+15,156,12492572,34402332718,4.17E+17
38575,4.14E+15,255,12475816,28844936408,5.65E+17
32661,3.37E+15,131,12456018,26689865186,3.19E+17
40397,4.76E+15,101,12473268,1.93E+11,2.24E+18
57832,5.22E+15,227,12486636,1.73E+11,2.12E+18
37049,3.30E+15,181,12320753,37489316737,4.43E+17
46006,3.45E+15,256,12369163,76643782023,9.32E+17
33940,5.41E+15,137,12320026,96294619920,1.17E+18
46442,3.27E+15,194,12457078,50492500523,5.96E+17
47511,3.90E+15,267,12492534,2.83E+11,2.54E+18
49611,5.30E+15,256,12451037,77856322012,9.72E+17
25404,3.98E+15,80,12493224,52048346128,6.31E+17
31680,3.33E+15,155,12487199,38317988948,4.55E+17
51712,4.75E+15,203,12493572,2.34E+11,2.90E+18
49737,3.40E+15,229,12523918,1.93E+11,2.13E+18
42642,4.16E+15,125,12486810,51551124881,6.20E+17
48156,5.28E+15,159,12490608,1.24E+11,1.45E+18
16079,3.51E+15,59,12482514,28489176311,2.09E+17
26500,3.33E+15,132,12490374,30338510622,3.41E+17
48575,4.51E+15,154,12467060,1.13E+11,1.35E+18
39991,3.64E+15,138,12507571,72009386207,8.63E+17
31319,4.05E+15,144,12480805,89153449226,8.69E+17
40497,4.37E+15,171,12490197,1.39E+11,1.64E+18
45181,4.35E+15,225,12481776,77601137553,9.62E+17
41967,3.42E+15,204,12478462,39444569011,4.85E+17
28969,4.53E+15,156,12478526,1.90E+11,2.34E+18
42221,3.51E+15,232,12470341,76640464001,9.18E+17
58513,4.35E+15,111,12437409,94338009867,1.13E+18
47055,4.61E+15,260,12475901,1.71E+11,2.11E+18
39713,3.22E+15,77,12478960,21073699055,2.64E+17
41099,3.83E+15,153,12480980,1.57E+11,1.99E+18
44372,3.72E+15,181,12465799,62732675984,8.40E+17
54639,5.28E+15,157,12498518,1.42E+11,1.69E+18
40213,4.23E+15,161,12494099,78001442446,9.77E+17
42137,4.51E+15,222,12498673,1.56E+11,1.89E+18
44703,3.41E+15,196,12499242,65842188878,7.38E+17
50740,5.32E+15,194,12481021,1.08E+11,1.31E+18
42044,4.34E+15,209,12484096,1.32E+11,1.52E+18
44652,4.72E+15,205,12423916,1.42E+11,1.77E+18
46282,3.48E+15,137,12396261,77638761743,8.34E+17
37987,3.58E+15,155,12468436,44053094652,4.92E+17
65046,4.80E+15,475,12456984,9989864217,4.91E+17
59029,4.79E+15,346,12477208,2.48E+11,3.10E+18
47848,4.97E+15,206,12499834,1.95E+11,2.27E+18
45927,3.35E+15,190,12491914,78036615820,8.55E+17
44541,5.55E+15,151,12483825,1.03E+11,1.21E+18
52762,5.00E+15,211,12461129,2.09E+11,2.54E+18
42602,3.58E+15,188,12447397,62241826804,7.04E+17
45155,3.35E+15,268,12494149,58801930690,9.74E+17
45617,4.14E+15,207,12433005,57513476720,7.06E+17
57517,3.70E+15,275,12435816,65409280754,8.28E+17
59511,4.07E+15,328,12494446,55274370522,7.05E+17
35863,4.68E+15,145,12521612,4.89E+11,5.97E+18
5873,3.34E+15,25,12466791,40029428532,4.02E+17
46976,3.46E+15,235,12505568,73423832156,9.29E+17
40832,3.49E+15,166,12483003,53334943936,6.13E+17
46241,5.23E+15,240,12499852,1.54E+11,1.85E+18
20533,3.54E+15,97,12254124,87246923734,9.73E+17
16378,3.68E+15,64,12436304,38384451665,4.17E+17
43499,3.50E+15,158,12475042,2.25E+11,2.71E+18
48400,3.69E+15,159,12364547,1.06E+11,1.31E+18
32248,3.62E+15,155,12432704,53972189565,4.09E+17
43128,5.20E+15,150,12476480,93416185098,1.15E+18
22793,3.40E+15,108,12511255,61834759448,6.77E+17
33284,3.96E+15,233,12498574,45875986038,5.40E+17
35007,3.70E+15,197,12433681,22386864177,2.48E+17
51151,3.67E+15,281,12495430,62086431734,7.77E+17
65583,3.70E+15,315,12425125,40274544511,6.13E+17
30936,3.45E+15,141,12457886,29950910187,3.27E+17
53730,5.19E+15,243,12485995,1.57E+11,1.97E+18
40206,5.26E+15,228,12472629,2.13E+11,2.77E+18
11868,3.46E+15,74,12493946,24549402918,1.90E+17
34596,3.33E+15,154,12400041,37489334137,3.82E+17
31139,3.43E+15,127,12437290,30441712719,3.75E+17
39180,3.34E+15,199,12484670,35738370929,4.76E+17
60284,5.06E+15,218,12474861,1.50E+11,1.86E+18
42695,4.74E+15,222,12479163,2.72E+11,2.75E+18
39399,4.77E+15,165,12496605,1.78E+11,2.11E+18
29191,3.48E+15,132,12522140,31648165317,3.79E+17
36166,3.44E+15,153,12484784,41497843742,4.62E+17
49468,3.60E+15,158,12482739,69784942955,8.32E+17
34045,3.75E+15,142,12440749,65781849315,7.21E+17
46900,4.25E+15,220,12479950,1.45E+11,1.52E+18
40947,4.66E+15,135,12474997,1.60E+11,2.00E+18
32647,3.54E+15,129,12466529,42265409204,4.59E+17
45268,3.68E+15,129,12481741,57424347842,5.47E+17
50344,4.17E+15,218,12503560,59415221314,6.95E+17
42438,3.51E+15,202,12427278,1.43E+11,1.43E+18
46939,3.65E+15,209,12475127,59962094639,7.24E+17
46049,5.20E+15,211,12499897,1.69E+11,2.06E+18
42878,3.57E+15,184,12459653,68298946479,1.03E+18
53031,4.39E+15,196,12488031,87932563562,1.09E+18
41797,3.96E+15,167,12445950,84144314065,9.71E+17
36923,4.24E+15,133,12468065,1.08E+11,1.30E+18
40206,3.33E+15,180,12410221,26985425764,3.05E+17
52299,3.42E+15,176,12442700,1.00E+11,1.28E+18
50563,4.51E+15,206,12488584,1.32E+11,1.59E+18
50937,3.33E+15,269,12456649,28316312498,5.15E+17
46628,3.38E+15,272,12433652,28115754912,3.88E+17
44487,4.97E+15,127,12483702,1.67E+11,2.08E+18
45538,3.53E+15,243,12491972,57042009773,6.80E+17
51060,3.32E+15,259,12483211,51887335075,6.62E+17
47991,3.88E+15,230,12485137,3.56E+11,3.58E+18
49837,5.23E+15,191,12473560,2.37E+11,2.91E+18
47697,3.30E+15,228,12395099,44128616595,5.29E+17
40445,3.90E+15,143,12492146,84981966521,1.03E+18
39283,3.29E+15,184,12464959,55693074842,6.25E+17
44867,3.27E+15,171,12462492,29700157852,3.24E+17
40226,5.19E+15,166,12446068,2.01E+11,2.50E+18
37456,3.32E+15,142,12467147,52818866242,5.89E+17
36599,5.14E+15,166,12495254,1.35E+11,1.66E+18
45731,4.67E+15,140,12480518,1.12E+11,1.35E+18
43368,3.29E+15,235,12484630,40093440351,4.73E+17
48767,4.21E+15,225,12460257,1.24E+11,1.51E+18
46914,3.23E+15,247,12488001,80305571781,1.11E+18
39364,3.28E+15,108,12153018,1.41E+11,1.70E+18
69018,5.59E+15,187,12487653,1.68E+11,1.89E+18
46784,4.90E+15,226,12503098,1.50E+11,1.85E+18
40799,4.03E+15,191,12493107,1.04E+11,1.22E+18
48848,3.44E+15,259,12482890,18060172180,2.37E+17
55053,5.10E+15,316,12485097,1.96E+11,2.62E+18
58419,4.94E+15,270,12533427,1.57E+11,1.98E+18
45935,3.59E+15,198,12444299,44802299332,5.20E+17
53140,4.93E+15,242,12478013,1.78E+11,2.23E+18
44921,3.41E+15,223,12440787,51011216244,6.22E+17
37577,3.30E+15,131,12459911,76945368365,8.84E+17
38405,3.37E+15,213,12406556,1.12E+11,1.35E+18
49648,3.54E+15,234,12343403,91746772618,1.12E+18
43531,4.42E+15,181,12470038,89522511261,1.03E+18
46280,3.46E+15,246,12428928,42666231560,5.38E+17
35776,4.61E+15,137,12491151,1.58E+11,1.73E+18
39998,4.99E+15,167,12459474,1.47E+11,1.79E+18
44838,3.70E+15,228,12469131,59473246302,7.49E+17
49964,5.25E+15,306,12478054,1.36E+11,1.71E+18
25472,5.25E+15,135,12474444,1.20E+11,1.34E+18
40043,3.98E+15,210,12022657,55722395449,7.94E+17
40761,3.35E+15,245,12480826,46564123497,6.09E+17
46237,5.51E+15,118,12518168,1.19E+11,1.43E+18
21791,3.58E+15,79,12504795,25761892424,2.82E+17
42857,3.48E+15,192,12474681,99395944407,9.87E+17
43107,3.62E+15,234,12483629,1.75E+11,2.16E+18
47189,4.89E+15,221,12540627,3.26E+11,3.78E+18
50118,4.20E+15,245,12467235,1.62E+11,1.88E+18
37457,3.35E+15,173,12498651,1.63E+11,1.98E+18
34236,3.35E+15,185,12447842,55811896329,6.78E+17
46165,4.45E+15,191,12478567,54167111373,6.71E+17
47195,4.56E+15,160,11967857,1.23E+11,1.42E+18
13889,3.47E+15,88,12446202,22364784729,2.11E+17
29324,4.89E+15,101,12436331,99682772293,1.21E+18
47516,3.47E+15,213,12474881,70864247942,8.48E+17
59537,5.36E+15,254,12473817,1.98E+11,2.43E+18
47094,5.27E+15,216,12454430,1.29E+11,1.55E+18
36725,3.61E+15,162,12389450,1.05E+11,8.73E+17
40797,3.34E+15,212,12465108,66265102105,6.87E+17
21843,3.48E+15,115,12448886,17301548044,2.07E+17
55375,3.68E+15,274,12503835,63117612118,9.51E+17
30781,3.46E+15,163,12448580,35504926282,3.61E+17
44881,5.18E+15,201,12480607,1.70E+11,2.08E+18
50219,4.18E+15,266,12470005,1.17E+11,1.44E+18
34419,5.34E+15,171,12478849,4.28E+11,5.49E+18
47151,4.42E+15,182,12492861,68575357911,8.47E+17
34940,5.37E+15,161,12479605,78172841152,9.59E+17
39357,3.29E+15,174,12345924,71841979921,8.60E+17
37458,3.70E+15,157,12433693,47114322255,5.24E+17
118136,5.46E+15,138,12481294,1.34E+11,1.58E+18
41970,3.62E+15,182,12489544,1.20E+11,1.32E+18
61189,5.40E+15,352,12454825,84568966658,1.24E+18
42019,4.16E+15,140,12497408,52099261265,6.05E+17
48101,3.49E+15,213,12470703,88437695958,1.09E+18
38343,3.51E+15,119,12482719,68811870059,7.75E+17
30825,3.31E+15,147,12478928,17256190648,2.40E+17
52827,3.72E+15,235,12493928,84957214140,1.05E+18
44508,4.98E+15,191,12479726,1.59E+11,1.99E+18
47259,3.73E+15,187,12468400,27766042833,3.41E+17
36314,3.59E+15,144,12485412,7.66E+11,4.86E+18
45116,3.69E+15,213,12477139,60909217700,8.15E+17
46638,3.31E+15,248,12483085,46637095150,6.87E+17
47845,3.40E+15,200,12518969,49959231876,5.82E+17
42989,3.57E+15,177,12466977,1.02E+11,1.24E+18
26866,3.30E+15,124,12523729,27864923113,2.78E+17
48231,4.03E+15,142,12494970,1.39E+11,1.66E+18
42494,4.51E+15,185,12475972,1.03E+11,1.26E+18
44884,4.44E+15,276,12495599,64036331312,8.32E+17
47049,3.45E+15,134,12406525,68554946724,8.28E+17
43238,3.24E+15,205,12514774,72504512926,8.77E+17
46144,3.64E+15,145,12481232,43149924919,5.14E+17
24851,3.79E+15,101,12490320,44266546062,5.02E+17
42754,3.36E+15,246,12483742,24812236668,3.03E+17
37827,3.72E+15,170,12458544,71612924636,8.72E+17
42012,4.00E+15,201,12500345,1.47E+11,1.75E+18
36168,3.37E+15,212,12510716,37879457262,4.97E+17
40899,4.25E+15,204,12488098,1.36E+11,1.58E+18
39652,3.86E+15,175,12486114,62538349647,7.63E+17
55928,3.98E+15,162,12496518,1.48E+11,1.77E+18
43183,3.81E+15,168,12438407,81276109084,8.65E+17
43536,3.32E+15,169,12538592,32217048079,3.74E+17
45544,3.91E+15,220,12514166,1.28E+11,1.55E+18
50602,3.43E+15,221,12464529,53747575599,6.08E+17
38688,3.39E+15,176,12485782,99218292138,1.22E+18
39211,3.43E+15,168,12492993,53142340992,5.05E+17
47218,3.77E+15,219,12455901,87099175305,1.11E+18
30686,4.09E+15,146,12452077,69126795517,7.29E+17
53896,3.36E+15,275,12500772,62754012161,8.51E+17
39070,3.90E+15,175,12290917,69916857617,7.90E+17
37539,3.37E+15,137,12350555,69539808036,8.43E+17
42389,3.29E+15,190,12456409,64607964427,6.95E+17
42594,3.59E+15,172,12467720,33383307326,4.06E+17
42727,3.58E+15,146,12465937,52532046022,5.96E+17
27362,3.39E+15,107,12395152,88434092921,1.07E+18
49745,3.90E+15,289,12493690,1.56E+11,2.01E+18
